Email,FirstName,LastName,Title
boby@yopmail.com,Boby,Marley,Admin
johny@yopmail.com,Johnny,Thomas,Admin
pankajkappor@yopmail.com,Pankaj,Advani,Admin
fifiny@yopmail.com,Fifiny,Abdou,Admin
1boby@yopmail.com,Johnny,Thomas,Admin
1johny@yopmail.com,Johnny,Thomas,Admin
1pankajkappor@yopmail.com,Johnny,Thomas,Admin
1fifiny@yopmail.com,Johnny,Thomas,Admin
11johny@yopmail.com,Johnny,Thomas,Admin
12johny@yopmail.com,Johnny,Thomas,Admin
111johny@yopmail.com,Johnny,Thomas,Admin
112johny@yopmail.com,Johnny,Thomas,Admin
211johny@yopmail.com,Johnny,Thomas,Admin
311johny@yopmail.com,Johnny,Thomas,Admin
312johny@yopmail.com,Johnny,Thomas,Admin
313johny@yopmail.com,Johnny,Thomas,Admin
314johny@yopmail.com,Johnny,Thomas,Admin
315johny@yopmail.com,Johnny,Thomas,Admin
316johny@yopmail.com,Johnny,Thomas,Admin
317johny@yopmail.com,Johnny,Thomas,Admin
318johny@yopmail.com,Johnny,Thomas,Admin
319johny@yopmail.com,Johnny,Thomas,Admin
320ny@yopmail.com,Johnny,Thomas,Admin
321ny@yopmail.com,Johnny,Thomas,Admin
322johny@yopmail.com,Johnny,Thomas,Admin
323ny@yopmail.com,Johnny,Thomas,Admin
324johny@yopmail.com,Johnny,Thomas,Admin
325ny@yopmail.com,Johnny,Thomas,Admin
326johny@yopmail.com,Johnny,Thomas,Admin
327ny@yopmail.com,Johnny,Thomas,Admin
328johny@yopmail.com,Johnny,Thomas,Admin
329ny@yopmail.com,Johnny,Thomas,Admin
330johny@yopmail.com,Johnny,Thomas,Admin
4111johny@yopmail.com,Johnny,Thomas,Admin
4112johny@yopmail.com,Johnny,Thomas,Admin
4211johny@yopmail.com,Johnny,Thomas,Admin
4311johny@yopmail.com,Johnny,Thomas,Admin
4312johny@yopmail.com,Johnny,Thomas,Admin
4313johny@yopmail.com,Johnny,Thomas,Admin
4314johny@yopmail.com,Johnny,Thomas,Admin
4315johny@yopmail.com,Johnny,Thomas,Admin
4316johny@yopmail.com,Johnny,Thomas,Admin
4317johny@yopmail.com,Johnny,Thomas,Admin
4318johny@yopmail.com,Johnny,Thomas,Admin
4319johny@yopmail.com,Johnny,Thomas,Admin
4320ny@yopmail.com,Johnny,Thomas,Admin
4321ny@yopmail.com,Johnny,Thomas,Admin
4322johny@yopmail.com,Johnny,Thomas,Admin
4323ny@yopmail.com,Johnny,Thomas,Admin
4324johny@yopmail.com,Johnny,Thomas,Admin
4325ny@yopmail.com,Johnny,Thomas,Admin
4326johny@yopmail.com,Johnny,Thomas,Admin
4327ny@yopmail.com,Johnny,Thomas,Admin
4328johny@yopmail.com,Johnny,Thomas,Admin
4329ny@yopmail.com,Johnny,Thomas,Admin
4330johny@yopmail.com,Johnny,Thomas,Admin
54111johny@yopmail.com,Johnny,Thomas,Admin
54112johny@yopmail.com,Johnny,Thomas,Admin
54211johny@yopmail.com,Johnny,Thomas,Admin
54311johny@yopmail.com,Johnny,Thomas,Admin
54312johny@yopmail.com,Johnny,Thomas,Admin
54313johny@yopmail.com,Johnny,Thomas,Admin
54314johny@yopmail.com,Johnny,Thomas,Admin
54315johny@yopmail.com,Johnny,Thomas,Admin
54316johny@yopmail.com,Johnny,Thomas,Admin
54317johny@yopmail.com,Johnny,Thomas,Admin
54318johny@yopmail.com,Johnny,Thomas,Admin
54319johny@yopmail.com,Johnny,Thomas,Admin
54320ny@yopmail.com,Johnny,Thomas,Admin
54321ny@yopmail.com,Johnny,Thomas,Admin
54322ny@yopmail.com,Johnny,Thomas,Admin
54323ny@yopmail.com,Johnny,Thomas,Admin
54324johny@yopmail.com,Johnny,Thomas,Admin
54325ny@yopmail.com,Johnny,Thomas,Admin
54326johny@yopmail.com,Johnny,Thomas,Admin
54327ny@yopmail.com,Johnny,Thomas,Admin
54328johny@yopmail.com,Johnny,Thomas,Admin
54329ny@yopmail.com,Johnny,Thomas,Admin
54330johny@yopmail.com,Johnny,Thomas,Admin
64311johny@yopmail.com,Johnny,Thomas,Admin
64312johny@yopmail.com,Johnny,Thomas,Admin
64313johny@yopmail.com,Johnny,Thomas,Admin
64314johny@yopmail.com,Johnny,Thomas,Admin
64316johny@yopmail.com,Johnny,Thomas,Admin
64317johny@yopmail.com,Johnny,Thomas,Admin
64318johny@yopmail.com,Johnny,Thomas,Admin
64319johny@yopmail.com,Johnny,Thomas,Admin
64320ny@yopmail.com,Johnny,Thomas,Admin
64321ny@yopmail.com,Johnny,Thomas,Admin
64322ny@yopmail.com,Johnny,Thomas,Admin
64323ny@yopmail.com,Johnny,Thomas,Admin
64324johny@yopmail.com,Johnny,Thomas,Admin
64326ny@yopmail.com,Johnny,Thomas,Admin
64326johny@yopmail.com,Johnny,Thomas,Admin
64327ny@yopmail.com,Johnny,Thomas,Admin
64328johny@yopmail.com,Johnny,Thomas,Admin
64329ny@yopmail.com,Johnny,Thomas,Admin
64330johny@yopmail.com,Johnny,Thomas,Admin
411johny@yopmail.com,Johnny,Thomas,Admin
412johny@yopmail.com,Johnny,Thomas,Admin
414johny@yopmail.com,Johnny,Thomas,Admin
414johny@yopmail.com,Johnny,Thomas,Admin
415johny@yopmail.com,Johnny,Thomas,Admin
416johny@yopmail.com,Johnny,Thomas,Admin
417johny@yopmail.com,Johnny,Thomas,Admin
418johny@yopmail.com,Johnny,Thomas,Admin
419johny@yopmail.com,Johnny,Thomas,Admin
420ny@yopmail.com,Johnny,Thomas,Admin
421ny@yopmail.com,Johnny,Thomas,Admin
422johny@yopmail.com,Johnny,Thomas,Admin
424ny@yopmail.com,Johnny,Thomas,Admin
424johny@yopmail.com,Johnny,Thomas,Admin
425ny@yopmail.com,Johnny,Thomas,Admin
426johny@yopmail.com,Johnny,Thomas,Admin
427ny@yopmail.com,Johnny,Thomas,Admin
428johny@yopmail.com,Johnny,Thomas,Admin
429ny@yopmail.com,Johnny,Thomas,Admin
440johny@yopmail.com,Johnny,Thomas,Admin
511johny@yopmail.com,Johnny,Thomas,Admin
512johny@yopmail.com,Johnny,Thomas,Admin
515johny@yopmail.com,Johnny,Thomas,Admin
515johny@yopmail.com,Johnny,Thomas,Admin
515johny@yopmail.com,Johnny,Thomas,Admin
516johny@yopmail.com,Johnny,Thomas,Admin
517johny@yopmail.com,Johnny,Thomas,Admin
518johny@yopmail.com,Johnny,Thomas,Admin
519johny@yopmail.com,Johnny,Thomas,Admin
520ny@yopmail.com,Johnny,Thomas,Admin
521ny@yopmail.com,Johnny,Thomas,Admin
522johny@yopmail.com,Johnny,Thomas,Admin
525ny@yopmail.com,Johnny,Thomas,Admin
525johny@yopmail.com,Johnny,Thomas,Admin
525ny@yopmail.com,Johnny,Thomas,Admin
526johny@yopmail.com,Johnny,Thomas,Admin
527ny@yopmail.com,Johnny,Thomas,Admin
528johny@yopmail.com,Johnny,Thomas,Admin
529ny@yopmail.com,Johnny,Thomas,Admin
550johny@yopmail.com,Johnny,Thomas,Admin
611johny@yopmail.com,Johnny,Thomas,Admin
612johny@yopmail.com,Johnny,Thomas,Admin
616johny@yopmail.com,Johnny,Thomas,Admin
614johny@yopmail.com,Johnny,Thomas,Admin
615johny@yopmail.com,Johnny,Thomas,Admin
616johny@yopmail.com,Johnny,Thomas,Admin
617johny@yopmail.com,Johnny,Thomas,Admin
618johny@yopmail.com,Johnny,Thomas,Admin
619johny@yopmail.com,Johnny,Thomas,Admin
620ny@yopmail.com,Johnny,Thomas,Admin
621ny@yopmail.com,Johnny,Thomas,Admin
622johny@yopmail.com,Johnny,Thomas,Admin
626ny@yopmail.com,Johnny,Thomas,Admin
624johny@yopmail.com,Johnny,Thomas,Admin
625ny@yopmail.com,Johnny,Thomas,Admin
626johny@yopmail.com,Johnny,Thomas,Admin
627ny@yopmail.com,Johnny,Thomas,Admin
628johny@yopmail.com,Johnny,Thomas,Admin
629ny@yopmail.com,Johnny,Thomas,Admin
660johny@yopmail.com,Johnny,Thomas,Admin
711johny@yopmail.com,Johnny,Thomas,Admin
712johny@yopmail.com,Johnny,Thomas,Admin
717johny@yopmail.com,Johnny,Thomas,Admin
714johny@yopmail.com,Johnny,Thomas,Admin
715johny@yopmail.com,Johnny,Thomas,Admin
716johny@yopmail.com,Johnny,Thomas,Admin
717johny@yopmail.com,Johnny,Thomas,Admin
718johny@yopmail.com,Johnny,Thomas,Admin
719johny@yopmail.com,Johnny,Thomas,Admin
720ny@yopmail.com,Johnny,Thomas,Admin
721ny@yopmail.com,Johnny,Thomas,Admin
722johny@yopmail.com,Johnny,Thomas,Admin
727ny@yopmail.com,Johnny,Thomas,Admin
724johny@yopmail.com,Johnny,Thomas,Admin
725ny@yopmail.com,Johnny,Thomas,Admin
726johny@yopmail.com,Johnny,Thomas,Admin
727ny@yopmail.com,Johnny,Thomas,Admin
728johny@yopmail.com,Johnny,Thomas,Admin
729ny@yopmail.com,Johnny,Thomas,Admin
770johny@yopmail.com,Johnny,Thomas,Admin
811johny@yopmail.com,Johnny,Thomas,Admin
812johny@yopmail.com,Johnny,Thomas,Admin
818johny@yopmail.com,Johnny,Thomas,Admin
814johny@yopmail.com,Johnny,Thomas,Admin
815johny@yopmail.com,Johnny,Thomas,Admin
816johny@yopmail.com,Johnny,Thomas,Admin
817johny@yopmail.com,Johnny,Thomas,Admin
818johny@yopmail.com,Johnny,Thomas,Admin
819johny@yopmail.com,Johnny,Thomas,Admin
820ny@yopmail.com,Johnny,Thomas,Admin
821ny@yopmail.com,Johnny,Thomas,Admin
822johny@yopmail.com,Johnny,Thomas,Admin
828ny@yopmail.com,Johnny,Thomas,Admin
824johny@yopmail.com,Johnny,Thomas,Admin
825ny@yopmail.com,Johnny,Thomas,Admin
826johny@yopmail.com,Johnny,Thomas,Admin
827ny@yopmail.com,Johnny,Thomas,Admin
828johny@yopmail.com,Johnny,Thomas,Admin
829ny@yopmail.com,Johnny,Thomas,Admin
880johny@yopmail.com,Johnny,Thomas,Admin
911johny@yopmail.com,Johnny,Thomas,Admin
912johny@yopmail.com,Johnny,Thomas,Admin
919johny@yopmail.com,Johnny,Thomas,Admin
914johny@yopmail.com,Johnny,Thomas,Admin
915johny@yopmail.com,Johnny,Thomas,Admin
916johny@yopmail.com,Johnny,Thomas,Admin
917johny@yopmail.com,Johnny,Thomas,Admin
918johny@yopmail.com,Johnny,Thomas,Admin
919johny@yopmail.com,Johnny,Thomas,Admin
920ny@yopmail.com,Johnny,Thomas,Admin
921ny@yopmail.com,Johnny,Thomas,Admin
922johny@yopmail.com,Johnny,Thomas,Admin
929ny@yopmail.com,Johnny,Thomas,Admin
924johny@yopmail.com,Johnny,Thomas,Admin
925ny@yopmail.com,Johnny,Thomas,Admin
926johny@yopmail.com,Johnny,Thomas,Admin
927ny@yopmail.com,Johnny,Thomas,Admin
928johny@yopmail.com,Johnny,Thomas,Admin
929ny@yopmail.com,Johnny,Thomas,Admin
990johny@yopmail.com,Johnny,Thomas,Admin
1011johny@yopmail.com,Johnny,Thomas,Admin
1012johny@yopmail.com,Johnny,Thomas,Admin
10110johny@yopmail.com,Johnny,Thomas,Admin
1014johny@yopmail.com,Johnny,Thomas,Admin
1015johny@yopmail.com,Johnny,Thomas,Admin
1016johny@yopmail.com,Johnny,Thomas,Admin
1017johny@yopmail.com,Johnny,Thomas,Admin
1018johny@yopmail.com,Johnny,Thomas,Admin
1019johny@yopmail.com,Johnny,Thomas,Admin
1020ny@yopmail.com,Johnny,Thomas,Admin
1021ny@yopmail.com,Johnny,Thomas,Admin
1022johny@yopmail.com,Johnny,Thomas,Admin
10210ny@yopmail.com,Johnny,Thomas,Admin
1024johny@yopmail.com,Johnny,Thomas,Admin
1025ny@yopmail.com,Johnny,Thomas,Admin
1026johny@yopmail.com,Johnny,Thomas,Admin
1027ny@yopmail.com,Johnny,Thomas,Admin
1028johny@yopmail.com,Johnny,Thomas,Admin
1029ny@yopmail.com,Johnny,Thomas,Admin
10100johny@yopmail.com,Johnny,Thomas,Admin
1211johny@yopmail.com,Johnny,Thomas,Admin
1212johny@yopmail.com,Johnny,Thomas,Admin
12112johny@yopmail.com,Johnny,Thomas,Admin
1214johny@yopmail.com,Johnny,Thomas,Admin
1215johny@yopmail.com,Johnny,Thomas,Admin
1216johny@yopmail.com,Johnny,Thomas,Admin
1217johny@yopmail.com,Johnny,Thomas,Admin
1218johny@yopmail.com,Johnny,Thomas,Admin
1219johny@yopmail.com,Johnny,Thomas,Admin
1220ny@yopmail.com,Johnny,Thomas,Admin
1221ny@yopmail.com,Johnny,Thomas,Admin
1222johny@yopmail.com,Johnny,Thomas,Admin
12212ny@yopmail.com,Johnny,Thomas,Admin
1224johny@yopmail.com,Johnny,Thomas,Admin
1225ny@yopmail.com,Johnny,Thomas,Admin
1226johny@yopmail.com,Johnny,Thomas,Admin
1227ny@yopmail.com,Johnny,Thomas,Admin
1228johny@yopmail.com,Johnny,Thomas,Admin
1229ny@yopmail.com,Johnny,Thomas,Admin
12120johny@yopmail.com,Johnny,Thomas,Admin
1311johny@yopmail.com,Johnny,Thomas,Admin
1312johny@yopmail.com,Johnny,Thomas,Admin
13113johny@yopmail.com,Johnny,Thomas,Admin
1314johny@yopmail.com,Johnny,Thomas,Admin
1315johny@yopmail.com,Johnny,Thomas,Admin
1316johny@yopmail.com,Johnny,Thomas,Admin
1317johny@yopmail.com,Johnny,Thomas,Admin
1318johny@yopmail.com,Johnny,Thomas,Admin
1319johny@yopmail.com,Johnny,Thomas,Admin
1320ny@yopmail.com,Johnny,Thomas,Admin
1321ny@yopmail.com,Johnny,Thomas,Admin
1322johny@yopmail.com,Johnny,Thomas,Admin
13213ny@yopmail.com,Johnny,Thomas,Admin
1324johny@yopmail.com,Johnny,Thomas,Admin
1325ny@yopmail.com,Johnny,Thomas,Admin
1326johny@yopmail.com,Johnny,Thomas,Admin
1327ny@yopmail.com,Johnny,Thomas,Admin
1328johny@yopmail.com,Johnny,Thomas,Admin
1329ny@yopmail.com,Johnny,Thomas,Admin
13130johny@yopmail.com,Johnny,Thomas,Admin
1411johny@yopmail.com,Johnny,Thomas,Admin
1412johny@yopmail.com,Johnny,Thomas,Admin
14114johny@yopmail.com,Johnny,Thomas,Admin
1414johny@yopmail.com,Johnny,Thomas,Admin
1415johny@yopmail.com,Johnny,Thomas,Admin
1416johny@yopmail.com,Johnny,Thomas,Admin
1417johny@yopmail.com,Johnny,Thomas,Admin
1418johny@yopmail.com,Johnny,Thomas,Admin
1419johny@yopmail.com,Johnny,Thomas,Admin
1420ny@yopmail.com,Johnny,Thomas,Admin
1421ny@yopmail.com,Johnny,Thomas,Admin
1422johny@yopmail.com,Johnny,Thomas,Admin
14214ny@yopmail.com,Johnny,Thomas,Admin
1424johny@yopmail.com,Johnny,Thomas,Admin
1425ny@yopmail.com,Johnny,Thomas,Admin
1426johny@yopmail.com,Johnny,Thomas,Admin
1427ny@yopmail.com,Johnny,Thomas,Admin
1428johny@yopmail.com,Johnny,Thomas,Admin
1429ny@yopmail.com,Johnny,Thomas,Admin
14140johny@yopmail.com,Johnny,Thomas,Admin
1511johny@yopmail.com,Johnny,Thomas,Admin
1512johny@yopmail.com,Johnny,Thomas,Admin
15115johny@yopmail.com,Johnny,Thomas,Admin
1514johny@yopmail.com,Johnny,Thomas,Admin
1515johny@yopmail.com,Johnny,Thomas,Admin
1516johny@yopmail.com,Johnny,Thomas,Admin
1517johny@yopmail.com,Johnny,Thomas,Admin
1518johny@yopmail.com,Johnny,Thomas,Admin
1519johny@yopmail.com,Johnny,Thomas,Admin
1520ny@yopmail.com,Johnny,Thomas,Admin
1521ny@yopmail.com,Johnny,Thomas,Admin
1522johny@yopmail.com,Johnny,Thomas,Admin
15215ny@yopmail.com,Johnny,Thomas,Admin
1524johny@yopmail.com,Johnny,Thomas,Admin
1525ny@yopmail.com,Johnny,Thomas,Admin
1526johny@yopmail.com,Johnny,Thomas,Admin
1527ny@yopmail.com,Johnny,Thomas,Admin
1528johny@yopmail.com,Johnny,Thomas,Admin
1529ny@yopmail.com,Johnny,Thomas,Admin
15150johny@yopmail.com,Johnny,Thomas,Admin
1611johny@yopmail.com,Johnny,Thomas,Admin
1612johny@yopmail.com,Johnny,Thomas,Admin
16116johny@yopmail.com,Johnny,Thomas,Admin
1614johny@yopmail.com,Johnny,Thomas,Admin
1615johny@yopmail.com,Johnny,Thomas,Admin
1616johny@yopmail.com,Johnny,Thomas,Admin
1617johny@yopmail.com,Johnny,Thomas,Admin
1618johny@yopmail.com,Johnny,Thomas,Admin
1619johny@yopmail.com,Johnny,Thomas,Admin
1620ny@yopmail.com,Johnny,Thomas,Admin
1621ny@yopmail.com,Johnny,Thomas,Admin
1622johny@yopmail.com,Johnny,Thomas,Admin
16216ny@yopmail.com,Johnny,Thomas,Admin
1624johny@yopmail.com,Johnny,Thomas,Admin
1625ny@yopmail.com,Johnny,Thomas,Admin
1626johny@yopmail.com,Johnny,Thomas,Admin
1627ny@yopmail.com,Johnny,Thomas,Admin
1628johny@yopmail.com,Johnny,Thomas,Admin
1629ny@yopmail.com,Johnny,Thomas,Admin
16160johny@yopmail.com,Johnny,Thomas,Admin
1711johny@yopmail.com,Johnny,Thomas,Admin
1712johny@yopmail.com,Johnny,Thomas,Admin
17117johny@yopmail.com,Johnny,Thomas,Admin
1714johny@yopmail.com,Johnny,Thomas,Admin
1715johny@yopmail.com,Johnny,Thomas,Admin
1716johny@yopmail.com,Johnny,Thomas,Admin
1717johny@yopmail.com,Johnny,Thomas,Admin
1718johny@yopmail.com,Johnny,Thomas,Admin
1719johny@yopmail.com,Johnny,Thomas,Admin
1720ny@yopmail.com,Johnny,Thomas,Admin
1721ny@yopmail.com,Johnny,Thomas,Admin
1722johny@yopmail.com,Johnny,Thomas,Admin
17217ny@yopmail.com,Johnny,Thomas,Admin
1724johny@yopmail.com,Johnny,Thomas,Admin
1725ny@yopmail.com,Johnny,Thomas,Admin
1726johny@yopmail.com,Johnny,Thomas,Admin
1727ny@yopmail.com,Johnny,Thomas,Admin
1728johny@yopmail.com,Johnny,Thomas,Admin
1729ny@yopmail.com,Johnny,Thomas,Admin
17170johny@yopmail.com,Johnny,Thomas,Admin
1811johny@yopmail.com,Johnny,Thomas,Admin
1812johny@yopmail.com,Johnny,Thomas,Admin
18118johny@yopmail.com,Johnny,Thomas,Admin
1814johny@yopmail.com,Johnny,Thomas,Admin
1815johny@yopmail.com,Johnny,Thomas,Admin
1816johny@yopmail.com,Johnny,Thomas,Admin
1817johny@yopmail.com,Johnny,Thomas,Admin
1818johny@yopmail.com,Johnny,Thomas,Admin
1819johny@yopmail.com,Johnny,Thomas,Admin
1820ny@yopmail.com,Johnny,Thomas,Admin
1821ny@yopmail.com,Johnny,Thomas,Admin
1822johny@yopmail.com,Johnny,Thomas,Admin
18218ny@yopmail.com,Johnny,Thomas,Admin
1824johny@yopmail.com,Johnny,Thomas,Admin
1825ny@yopmail.com,Johnny,Thomas,Admin
1826johny@yopmail.com,Johnny,Thomas,Admin
1827ny@yopmail.com,Johnny,Thomas,Admin
1828johny@yopmail.com,Johnny,Thomas,Admin
1829ny@yopmail.com,Johnny,Thomas,Admin
18180johny@yopmail.com,Johnny,Thomas,Admin
1911johny@yopmail.com,Johnny,Thomas,Admin
1912johny@yopmail.com,Johnny,Thomas,Admin
19119johny@yopmail.com,Johnny,Thomas,Admin
1914johny@yopmail.com,Johnny,Thomas,Admin
1915johny@yopmail.com,Johnny,Thomas,Admin
1916johny@yopmail.com,Johnny,Thomas,Admin
1917johny@yopmail.com,Johnny,Thomas,Admin
1918johny@yopmail.com,Johnny,Thomas,Admin
1919johny@yopmail.com,Johnny,Thomas,Admin
1920ny@yopmail.com,Johnny,Thomas,Admin
1921ny@yopmail.com,Johnny,Thomas,Admin
1922johny@yopmail.com,Johnny,Thomas,Admin
19219ny@yopmail.com,Johnny,Thomas,Admin
1924johny@yopmail.com,Johnny,Thomas,Admin
1925ny@yopmail.com,Johnny,Thomas,Admin
1926johny@yopmail.com,Johnny,Thomas,Admin
1927ny@yopmail.com,Johnny,Thomas,Admin
1928johny@yopmail.com,Johnny,Thomas,Admin
1929ny@yopmail.com,Johnny,Thomas,Admin
19190johny@yopmail.com,Johnny,Thomas,Admin
2111johny@yopmail.com,Johnny,Thomas,Admin
2112johny@yopmail.com,Johnny,Thomas,Admin
21121johny@yopmail.com,Johnny,Thomas,Admin
2114johny@yopmail.com,Johnny,Thomas,Admin
2115johny@yopmail.com,Johnny,Thomas,Admin
2116johny@yopmail.com,Johnny,Thomas,Admin
2117johny@yopmail.com,Johnny,Thomas,Admin
2118johny@yopmail.com,Johnny,Thomas,Admin
2119johny@yopmail.com,Johnny,Thomas,Admin
2120ny@yopmail.com,Johnny,Thomas,Admin
2121ny@yopmail.com,Johnny,Thomas,Admin
2122johny@yopmail.com,Johnny,Thomas,Admin
21221ny@yopmail.com,Johnny,Thomas,Admin
2124johny@yopmail.com,Johnny,Thomas,Admin
2125ny@yopmail.com,Johnny,Thomas,Admin
2126johny@yopmail.com,Johnny,Thomas,Admin
2127ny@yopmail.com,Johnny,Thomas,Admin
2128johny@yopmail.com,Johnny,Thomas,Admin
2129ny@yopmail.com,Johnny,Thomas,Admin
21210johny@yopmail.com,Johnny,Thomas,Admin
2211johny@yopmail.com,Johnny,Thomas,Admin
2212johny@yopmail.com,Johnny,Thomas,Admin
22122johny@yopmail.com,Johnny,Thomas,Admin
2214johny@yopmail.com,Johnny,Thomas,Admin
2215johny@yopmail.com,Johnny,Thomas,Admin
2216johny@yopmail.com,Johnny,Thomas,Admin
2217johny@yopmail.com,Johnny,Thomas,Admin
2218johny@yopmail.com,Johnny,Thomas,Admin
2219johny@yopmail.com,Johnny,Thomas,Admin
2220ny@yopmail.com,Johnny,Thomas,Admin
2221ny@yopmail.com,Johnny,Thomas,Admin
2222johny@yopmail.com,Johnny,Thomas,Admin
22222ny@yopmail.com,Johnny,Thomas,Admin
2224johny@yopmail.com,Johnny,Thomas,Admin
2225ny@yopmail.com,Johnny,Thomas,Admin
2226johny@yopmail.com,Johnny,Thomas,Admin
2227ny@yopmail.com,Johnny,Thomas,Admin
2228johny@yopmail.com,Johnny,Thomas,Admin
2229ny@yopmail.com,Johnny,Thomas,Admin
22220johny@yopmail.com,Johnny,Thomas,Admin
2311johny@yopmail.com,Johnny,Thomas,Admin
2312johny@yopmail.com,Johnny,Thomas,Admin
23123johny@yopmail.com,Johnny,Thomas,Admin
2314johny@yopmail.com,Johnny,Thomas,Admin
2315johny@yopmail.com,Johnny,Thomas,Admin
2316johny@yopmail.com,Johnny,Thomas,Admin
2317johny@yopmail.com,Johnny,Thomas,Admin
2318johny@yopmail.com,Johnny,Thomas,Admin
2319johny@yopmail.com,Johnny,Thomas,Admin
2320ny@yopmail.com,Johnny,Thomas,Admin
2321ny@yopmail.com,Johnny,Thomas,Admin
2322johny@yopmail.com,Johnny,Thomas,Admin
23223ny@yopmail.com,Johnny,Thomas,Admin
2324johny@yopmail.com,Johnny,Thomas,Admin
2325ny@yopmail.com,Johnny,Thomas,Admin
2326johny@yopmail.com,Johnny,Thomas,Admin
2327ny@yopmail.com,Johnny,Thomas,Admin
2328johny@yopmail.com,Johnny,Thomas,Admin
2329ny@yopmail.com,Johnny,Thomas,Admin
23230johny@yopmail.com,Johnny,Thomas,Admin
2411johny@yopmail.com,Johnny,Thomas,Admin
2412johny@yopmail.com,Johnny,Thomas,Admin
24124johny@yopmail.com,Johnny,Thomas,Admin
2414johny@yopmail.com,Johnny,Thomas,Admin
2415johny@yopmail.com,Johnny,Thomas,Admin
2416johny@yopmail.com,Johnny,Thomas,Admin
2417johny@yopmail.com,Johnny,Thomas,Admin
2418johny@yopmail.com,Johnny,Thomas,Admin
2419johny@yopmail.com,Johnny,Thomas,Admin
2420ny@yopmail.com,Johnny,Thomas,Admin
2421ny@yopmail.com,Johnny,Thomas,Admin
2422johny@yopmail.com,Johnny,Thomas,Admin
24224ny@yopmail.com,Johnny,Thomas,Admin
2424johny@yopmail.com,Johnny,Thomas,Admin
2425ny@yopmail.com,Johnny,Thomas,Admin
2426johny@yopmail.com,Johnny,Thomas,Admin
2427ny@yopmail.com,Johnny,Thomas,Admin
2428johny@yopmail.com,Johnny,Thomas,Admin
2429ny@yopmail.com,Johnny,Thomas,Admin
24240johny@yopmail.com,Johnny,Thomas,Admin
2511johny@yopmail.com,Johnny,Thomas,Admin
2512johny@yopmail.com,Johnny,Thomas,Admin
25125johny@yopmail.com,Johnny,Thomas,Admin
2514johny@yopmail.com,Johnny,Thomas,Admin
2515johny@yopmail.com,Johnny,Thomas,Admin
2516johny@yopmail.com,Johnny,Thomas,Admin
2517johny@yopmail.com,Johnny,Thomas,Admin
2518johny@yopmail.com,Johnny,Thomas,Admin
2519johny@yopmail.com,Johnny,Thomas,Admin
2520ny@yopmail.com,Johnny,Thomas,Admin
2521ny@yopmail.com,Johnny,Thomas,Admin
2522johny@yopmail.com,Johnny,Thomas,Admin
25225ny@yopmail.com,Johnny,Thomas,Admin
2524johny@yopmail.com,Johnny,Thomas,Admin
2525ny@yopmail.com,Johnny,Thomas,Admin
2526johny@yopmail.com,Johnny,Thomas,Admin
2527ny@yopmail.com,Johnny,Thomas,Admin
2528johny@yopmail.com,Johnny,Thomas,Admin
2529ny@yopmail.com,Johnny,Thomas,Admin
25250johny@yopmail.com,Johnny,Thomas,Admin
2611johny@yopmail.com,Johnny,Thomas,Admin
2612johny@yopmail.com,Johnny,Thomas,Admin
26126johny@yopmail.com,Johnny,Thomas,Admin
2614johny@yopmail.com,Johnny,Thomas,Admin
2615johny@yopmail.com,Johnny,Thomas,Admin
2616johny@yopmail.com,Johnny,Thomas,Admin
2617johny@yopmail.com,Johnny,Thomas,Admin
2618johny@yopmail.com,Johnny,Thomas,Admin
2619johny@yopmail.com,Johnny,Thomas,Admin
2620ny@yopmail.com,Johnny,Thomas,Admin
2621ny@yopmail.com,Johnny,Thomas,Admin
2622johny@yopmail.com,Johnny,Thomas,Admin
26226ny@yopmail.com,Johnny,Thomas,Admin
2624johny@yopmail.com,Johnny,Thomas,Admin
2625ny@yopmail.com,Johnny,Thomas,Admin
2626johny@yopmail.com,Johnny,Thomas,Admin
2627ny@yopmail.com,Johnny,Thomas,Admin
2628johny@yopmail.com,Johnny,Thomas,Admin
2629ny@yopmail.com,Johnny,Thomas,Admin
26260johny@yopmail.com,Johnny,Thomas,Admin
2711johny@yopmail.com,Johnny,Thomas,Admin
2712johny@yopmail.com,Johnny,Thomas,Admin
27127johny@yopmail.com,Johnny,Thomas,Admin
2714johny@yopmail.com,Johnny,Thomas,Admin
2715johny@yopmail.com,Johnny,Thomas,Admin
2716johny@yopmail.com,Johnny,Thomas,Admin
2717johny@yopmail.com,Johnny,Thomas,Admin
2718johny@yopmail.com,Johnny,Thomas,Admin
2719johny@yopmail.com,Johnny,Thomas,Admin
2720ny@yopmail.com,Johnny,Thomas,Admin
2721ny@yopmail.com,Johnny,Thomas,Admin
2722johny@yopmail.com,Johnny,Thomas,Admin
27227ny@yopmail.com,Johnny,Thomas,Admin
2724johny@yopmail.com,Johnny,Thomas,Admin
2725ny@yopmail.com,Johnny,Thomas,Admin
2726johny@yopmail.com,Johnny,Thomas,Admin
2727ny@yopmail.com,Johnny,Thomas,Admin
2728johny@yopmail.com,Johnny,Thomas,Admin
2729ny@yopmail.com,Johnny,Thomas,Admin
27270johny@yopmail.com,Johnny,Thomas,Admin
2811johny@yopmail.com,Johnny,Thomas,Admin
2812johny@yopmail.com,Johnny,Thomas,Admin
28128johny@yopmail.com,Johnny,Thomas,Admin
2814johny@yopmail.com,Johnny,Thomas,Admin
2815johny@yopmail.com,Johnny,Thomas,Admin
2816johny@yopmail.com,Johnny,Thomas,Admin
2817johny@yopmail.com,Johnny,Thomas,Admin
2818johny@yopmail.com,Johnny,Thomas,Admin
2819johny@yopmail.com,Johnny,Thomas,Admin
2820ny@yopmail.com,Johnny,Thomas,Admin
2821ny@yopmail.com,Johnny,Thomas,Admin
2822johny@yopmail.com,Johnny,Thomas,Admin
28228ny@yopmail.com,Johnny,Thomas,Admin
2824johny@yopmail.com,Johnny,Thomas,Admin
2825ny@yopmail.com,Johnny,Thomas,Admin
2826johny@yopmail.com,Johnny,Thomas,Admin
2827ny@yopmail.com,Johnny,Thomas,Admin
2828johny@yopmail.com,Johnny,Thomas,Admin
2829ny@yopmail.com,Johnny,Thomas,Admin
28280johny@yopmail.com,Johnny,Thomas,Admin
2911johny@yopmail.com,Johnny,Thomas,Admin
2912johny@yopmail.com,Johnny,Thomas,Admin
29129johny@yopmail.com,Johnny,Thomas,Admin
2914johny@yopmail.com,Johnny,Thomas,Admin
2915johny@yopmail.com,Johnny,Thomas,Admin
2916johny@yopmail.com,Johnny,Thomas,Admin
2917johny@yopmail.com,Johnny,Thomas,Admin
2918johny@yopmail.com,Johnny,Thomas,Admin
2919johny@yopmail.com,Johnny,Thomas,Admin
2920ny@yopmail.com,Johnny,Thomas,Admin
2921ny@yopmail.com,Johnny,Thomas,Admin
2922johny@yopmail.com,Johnny,Thomas,Admin
29229ny@yopmail.com,Johnny,Thomas,Admin
2924johny@yopmail.com,Johnny,Thomas,Admin
2925ny@yopmail.com,Johnny,Thomas,Admin
2926johny@yopmail.com,Johnny,Thomas,Admin
2927ny@yopmail.com,Johnny,Thomas,Admin
2928johny@yopmail.com,Johnny,Thomas,Admin
2929ny@yopmail.com,Johnny,Thomas,Admin
29290johny@yopmail.com,Johnny,Thomas,Admin
3011johny@yopmail.com,Johnny,Thomas,Admin
3012johny@yopmail.com,Johnny,Thomas,Admin
30130johny@yopmail.com,Johnny,Thomas,Admin
3014johny@yopmail.com,Johnny,Thomas,Admin
3015johny@yopmail.com,Johnny,Thomas,Admin
3016johny@yopmail.com,Johnny,Thomas,Admin
3017johny@yopmail.com,Johnny,Thomas,Admin
3018johny@yopmail.com,Johnny,Thomas,Admin
3019johny@yopmail.com,Johnny,Thomas,Admin
3020ny@yopmail.com,Johnny,Thomas,Admin
3021ny@yopmail.com,Johnny,Thomas,Admin
3022johny@yopmail.com,Johnny,Thomas,Admin
30230ny@yopmail.com,Johnny,Thomas,Admin
3024johny@yopmail.com,Johnny,Thomas,Admin
3025ny@yopmail.com,Johnny,Thomas,Admin
3026johny@yopmail.com,Johnny,Thomas,Admin
3027ny@yopmail.com,Johnny,Thomas,Admin
3028johny@yopmail.com,Johnny,Thomas,Admin
3029ny@yopmail.com,Johnny,Thomas,Admin
30300johny@yopmail.com,Johnny,Thomas,Admin
48011johny@yopmail.com,Johnny,Thomas,Admin
48012johny@yopmail.com,Johnny,Thomas,Admin
4801480johny@yopmail.com,Johnny,Thomas,Admin
48014johny@yopmail.com,Johnny,Thomas,Admin
48015johny@yopmail.com,Johnny,Thomas,Admin
48016johny@yopmail.com,Johnny,Thomas,Admin
48017johny@yopmail.com,Johnny,Thomas,Admin
48018johny@yopmail.com,Johnny,Thomas,Admin
48019johny@yopmail.com,Johnny,Thomas,Admin
48020ny@yopmail.com,Johnny,Thomas,Admin
48021ny@yopmail.com,Johnny,Thomas,Admin
48022johny@yopmail.com,Johnny,Thomas,Admin
4802480ny@yopmail.com,Johnny,Thomas,Admin
48024johny@yopmail.com,Johnny,Thomas,Admin
48025ny@yopmail.com,Johnny,Thomas,Admin
48026johny@yopmail.com,Johnny,Thomas,Admin
48027ny@yopmail.com,Johnny,Thomas,Admin
48028johny@yopmail.com,Johnny,Thomas,Admin
48029ny@yopmail.com,Johnny,Thomas,Admin
4804800johny@yopmail.com,Johnny,Thomas,Admin
